<?xml version="1.0" encoding="UTF-8" standalone="no"?>
<!DOCTYPE hibernate-mapping PUBLIC "-//Hibernate/Hibernate Mapping DTD 3.0//EN" "http://hibernate.org/dtd/hibernate-mapping-3.0.dtd">
<hibernate-mapping auto-import="true" default-access="property" default-cascade="none" default-lazy="true">
    <class dynamic-insert="false" dynamic-update="false" mutable="true" name="com.java.hms.Room" optimistic-lock="version" polymorphism="implicit" select-before-update="false" table="room_master">
        <id name="roomno" type="java.lang.String">
            <column name="room_no"/>
            <generator class="assigned"/>
        </id>
        <property generated="never" lazy="false" name="roomtype" optimistic-lock="true" type="java.lang.String" unique="false">
            <column name="room_type"/>
        </property>
        <property generated="never" lazy="false" name="status" optimistic-lock="true" type="java.lang.String" unique="false">
            <column name="status"/>
        </property>
    </class>
</hibernate-mapping>
