<?xml version="1.0" encoding="UTF-8"?>
<faces-config xmlns="http://java.sun.com/xml/ns/javaee"
	xmlns:xsi="http://www.w3.org/2001/XMLSchema-instance"
	xsi:schemaLocation="http://java.sun.com/xml/ns/javaee /WEB-INF/schema/web-facesconfig_2_0.xsd"
	version="2.0" metadata-complete="false">
	<!-- This file must be present with our jar, even if it is empty. Otherwise, 
		our Java annotations won't get scanned! -->
	<managed-bean>
		<managed-bean-name>restaurant</managed-bean-name>
		<managed-bean-class>com.java.cms.RestaurantDAOImpl
		</managed-bean-class>
		<managed-bean-scope>request</managed-bean-scope>
	</managed-bean>
	<managed-bean>
		<managed-bean-name>menu</managed-bean-name>
		<managed-bean-class>com.java.cms.MenuDAOImpl</managed-bean-class>
		<managed-bean-scope>request</managed-bean-scope>
	</managed-bean>
	<managed-bean>
		<managed-bean-name>customerDao</managed-bean-name>
		<managed-bean-class>com.java.cms.CustomerDAOImpl</managed-bean-class>
		<managed-bean-scope>request</managed-bean-scope>
	</managed-bean>
	<managed-bean>
		<managed-bean-name>customer</managed-bean-name>
		<managed-bean-class>com.java.cms.Customer</managed-bean-class>
		<managed-bean-scope>request</managed-bean-scope>
	</managed-bean>
	<managed-bean>
	<managed-bean-name>customerController</managed-bean-name>
   <managed-bean-class>com.java.cms.CustomerController</managed-bean-class>
   <managed-bean-scope>request</managed-bean-scope>
    <managed-property>
            <property-name>customer</property-name>
            <property-class>com.java.cms.Customer</property-class>
            <value>#{customer}</value>
    </managed-property>
     <managed-property>
            <property-name>daoImpl</property-name>
            <property-class>com.java.cms.CustomerDAOImpl</property-class>
            <value>#{daoImpl}</value>
    </managed-property>
</managed-bean>


</faces-config>