<?xml version="1.0" encoding="UTF-8" standalone="no"?>
<!-- Generated Oct 9, 2023, 3:13:46 PM by Hibernate Tools 3.6.2.Final --><!DOCTYPE hibernate-mapping PUBLIC "-//Hibernate/Hibernate Mapping DTD 3.0//EN" "http://www.hibernate.org/dtd/hibernate-mapping-3.0.dtd">
<hibernate-mapping auto-import="true" default-access="property" default-cascade="none" default-lazy="true">
    <class dynamic-insert="false" dynamic-update="false" mutable="true" name="com.java.cms.Wallet" optimistic-lock="version" polymorphism="implicit" select-before-update="false" table="WALLET">
        <id name="walletId" type="int">
            <column name="WAL_ID"/>
            <generator class="assigned"/>
        </id>
        <property generated="never" lazy="false" name="custId" optimistic-lock="true" type="int" unique="false">
            <column name="CUS_ID"/>
        </property>
        <property generated="never" lazy="false" name="walletAmount" optimistic-lock="true" type="double" unique="false">
            <column name="WAL_AMOUNT"/>
        </property>
        <property generated="never" lazy="false" name="walletSource" optimistic-lock="true" unique="false">
            <column name="WAL_SOURCE"/>
            <type name="org.hibernate.type.EnumType">
                <param name="enumClass">com.java.cms.WalletSource</param>
                <param name="type">12</param>
            </type>
        </property>
    </class>
</hibernate-mapping>
