<?xml version="1.0" encoding="UTF-8" standalone="no"?>
<!-- Generated Oct 24, 2023, 12:16:28 AM by Hibernate Tools 3.6.2.Final --><!DOCTYPE hibernate-mapping PUBLIC "-//Hibernate/Hibernate Mapping DTD 3.0//EN" "http://www.hibernate.org/dtd/hibernate-mapping-3.0.dtd">
<hibernate-mapping auto-import="true" default-access="property" default-cascade="none" default-lazy="true">
    <class dynamic-insert="false" dynamic-update="false" mutable="true" name="com.java.ejb.CustAuth" optimistic-lock="version" polymorphism="implicit" select-before-update="false" table="CUSTOMER_AUTHORIZATION">
        <id name="authId" type="int">
            <column name="AUTH_ID"/>
            <generator class="assigned"/>
        </id>
        <property generated="never" lazy="false" name="custid" optimistic-lock="true" type="int" unique="false">
            <column name="CUST_ID"/>
        </property>
        <property generated="never" lazy="false" name="userName" optimistic-lock="true" type="java.lang.String" unique="false">
            <column name="USERNAME"/>
        </property>
        <property generated="never" lazy="false" name="passcode" optimistic-lock="true" type="java.lang.String" unique="false">
            <column name="PASSCODE"/>
        </property>
        <property generated="never" lazy="false" name="otp" optimistic-lock="true" type="java.lang.String" unique="false">
            <column name="OTP"/>
        </property>
        <property generated="never" lazy="false" name="status" optimistic-lock="true" type="java.lang.String" unique="false">
            <column name="STATUS"/>
        </property>
    </class>
</hibernate-mapping>
